{
    "name": "root",
    "gauges": {
        "RobotController.Policy.Entropy.mean": {
            "value": 0.9253063797950745,
            "min": 0.9253063797950745,
            "max": 1.4189382791519165,
            "count": 200
        },
        "RobotController.Policy.Entropy.sum": {
            "value": 9276.1962890625,
            "min": 9175.0224609375,
            "max": 14615.064453125,
            "count": 200
        },
        "RobotController.Step.mean": {
            "value": 1999991.0,
            "min": 9972.0,
            "max": 1999991.0,
            "count": 200
        },
        "RobotController.Step.sum": {
            "value": 1999991.0,
            "min": 9972.0,
            "max": 1999991.0,
            "count": 200
        },
        "RobotController.Policy.ExtrinsicValueEstimate.mean": {
            "value": 18.91788673400879,
            "min": -0.5664389729499817,
            "max": 19.0186710357666,
            "count": 200
        },
        "RobotController.Policy.ExtrinsicValueEstimate.sum": {
            "value": 6772.603515625,
            "min": -280.48992919921875,
            "max": 6808.68408203125,
            "count": 200
        },
        "RobotController.Environment.EpisodeLength.mean": {
            "value": 26.919220055710305,
            "min": 25.2,
            "max": 43.355555555555554,
            "count": 200
        },
        "RobotController.Environment.EpisodeLength.sum": {
            "value": 9664.0,
            "min": 9433.0,
            "max": 9965.0,
            "count": 200
        },
        "RobotController.Environment.CumulativeReward.mean": {
            "value": 29.745605620592,
            "min": -2.086287088464441,
            "max": 29.82548987393999,
            "count": 200
        },
        "RobotController.Environment.CumulativeReward.sum": {
            "value": 10648.926812171936,
            "min": -477.75974325835705,
            "max": 10648.926812171936,
            "count": 200
        },
        "RobotController.Policy.ExtrinsicReward.mean": {
            "value": 29.745605620592,
            "min": -2.086287088464441,
            "max": 29.82548987393999,
            "count": 200
        },
        "RobotController.Policy.ExtrinsicReward.sum": {
            "value": 10648.926812171936,
            "min": -477.75974325835705,
            "max": 10648.926812171936,
            "count": 200
        },
        "RobotController.IsTraining.mean": {
            "value": 1.0,
            "min": 1.0,
            "max": 1.0,
            "count": 200
        },
        "RobotController.IsTraining.sum": {
            "value": 1.0,
            "min": 1.0,
            "max": 1.0,
            "count": 200
        },
        "RobotController.Losses.PolicyLoss.mean": {
            "value": 0.02413480279877452,
            "min": 0.018286002616514453,
            "max": 0.033404783403966576,
            "count": 97
        },
        "RobotController.Losses.PolicyLoss.sum": {
            "value": 0.02413480279877452,
            "min": 0.018286002616514453,
            "max": 0.033404783403966576,
            "count": 97
        },
        "RobotController.Losses.ValueLoss.mean": {
            "value": 0.4424330335110426,
            "min": 0.012165822399159273,
            "max": 13.500346819559732,
            "count": 97
        },
        "RobotController.Losses.ValueLoss.sum": {
            "value": 0.4424330335110426,
            "min": 0.012165822399159273,
            "max": 13.500346819559732,
            "count": 97
        },
        "RobotController.Policy.LearningRate.mean": {
            "value": 0.0009801070619892941,
            "min": 0.0009801070619892941,
            "max": 0.0009997945500205452,
            "count": 97
        },
        "RobotController.Policy.LearningRate.sum": {
            "value": 0.0009801070619892941,
            "min": 0.0009801070619892941,
            "max": 0.0009997945500205452,
            "count": 97
        },
        "RobotController.Policy.Epsilon.mean": {
            "value": 0.09999999999999996,
            "min": 0.09999999999999996,
            "max": 0.09999999999999996,
            "count": 97
        },
        "RobotController.Policy.Epsilon.sum": {
            "value": 0.09999999999999996,
            "min": 0.09999999999999996,
            "max": 0.09999999999999996,
            "count": 97
        },
        "RobotController.Policy.Beta.mean": {
            "value": 0.004900734229400001,
            "min": 0.004900734229400001,
            "max": 0.004998974804500001,
            "count": 97
        },
        "RobotController.Policy.Beta.sum": {
            "value": 0.004900734229400001,
            "min": 0.004900734229400001,
            "max": 0.004998974804500001,
            "count": 97
        }
    },
    "metadata": {
        "timer_format_version": "0.1.0",
        "start_time_seconds": "1627523756",
        "python_version": "3.7.0 (v3.7.0:1bf9cc5093, Jun 27 2018, 04:59:51) [MSC v.1914 64 bit (AMD64)]",
        "command_line_arguments": "E:\\VirtualEnv\\UnityMLAgentEnv\\Scripts\\mlagents-learn drink_ppo.yaml --run-id=drinkppo",
        "mlagents_version": "0.27.0",
        "mlagents_envs_version": "0.27.0",
        "communication_protocol_version": "1.5.0",
        "pytorch_version": "1.7.1+cu110",
        "numpy_version": "1.18.5",
        "end_time_seconds": "1627525756"
    },
    "total": 2000.1488394,
    "count": 1,
    "self": 0.009536099999877479,
    "children": {
        "run_training.setup": {
            "total": 0.12250549999999993,
            "count": 1,
            "self": 0.12250549999999993
        },
        "TrainerController.start_learning": {
            "total": 2000.0167978000002,
            "count": 1,
            "self": 2.5504043999703754,
            "children": {
                "TrainerController._reset_env": {
                    "total": 13.7896719,
                    "count": 1,
                    "self": 13.7896719
                },
                "TrainerController.advance": {
                    "total": 1983.5953963000297,
                    "count": 80157,
                    "self": 2.657278400036148,
                    "children": {
                        "env_step": {
                            "total": 1033.3890215999886,
                            "count": 80157,
                            "self": 936.0793929000439,
                            "children": {
                                "SubprocessEnvManager._take_step": {
                                    "total": 95.92710819995864,
                                    "count": 80157,
                                    "self": 7.494866299957906,
                                    "children": {
                                        "TorchPolicy.evaluate": {
                                            "total": 88.43224190000073,
                                            "count": 80157,
                                            "self": 13.860812999993414,
                                            "children": {
                                                "TorchPolicy.sample_actions": {
                                                    "total": 74.57142890000732,
                                                    "count": 80157,
                                                    "self": 74.57142890000732
                                                }
                                            }
                                        }
                                    }
                                },
                                "workers": {
                                    "total": 1.3825204999860539,
                                    "count": 80156,
                                    "self": 0.0,