{
    "name": "root",
    "gauges": {
        "RobotController.Policy.Entropy.mean": {
            "value": 1.837967038154602,
            "min": 1.837967038154602,
            "max": 2.011542558670044,
            "count": 3
        },
        "RobotController.Policy.Entropy.sum": {
            "value": 91898.3515625,
            "min": 32992.6796875,
            "max": 100627.421875,
            "count": 3
        },
        "RobotController.Step.mean": {
            "value": 5399992.0,
            "min": 5299994.0,
            "max": 5399992.0,
            "count": 3
        },
        "RobotController.Step.sum": {
            "value": 5399992.0,
            "min": 5299994.0,
            "max": 5399992.0,
            "count": 3
        },
        "RobotController.Policy.ExtrinsicValueEstimate.mean": {
            "value": 94.22634887695312,
            "min": 40.121341705322266,
            "max": 94.22634887695312,
            "count": 3
        },
        "RobotController.Policy.ExtrinsicValueEstimate.sum": {
            "value": 719606.625,
            "min": 123052.15625,
            "max": 719606.625,
            "count": 3
        },
        "RobotController.Environment.EpisodeLength.mean": {
            "value": 12.101100052383448,
            "min": 9.850619699934768,
            "max": 12.101100052383448,
            "count": 3
        },
        "RobotController.Environment.EpisodeLength.sum": {
            "value": 46202.0,
            "min": 15101.0,
            "max": 46202.0,
            "count": 3
        },
        "RobotController.Environment.CumulativeReward.mean": {
            "value": 99.21459853898577,
            "min": 7.039161788628977,
            "max": 99.21459853898577,
            "count": 3
        },
        "RobotController.Environment.CumulativeReward.sum": {
            "value": 378900.55182038667,
            "min": 10791.035021968222,
            "max": 378900.55182038667,
            "count": 3
        },
        "RobotController.Policy.ExtrinsicReward.mean": {
            "value": 99.21459853898577,
            "min": 7.039161788628977,
            "max": 99.21459853898577,
            "count": 3
        },
        "RobotController.Policy.ExtrinsicReward.sum": {
            "value": 378900.55182038667,
            "min": 10791.035021968222,
            "max": 378900.55182038667,
            "count": 3
        },
        "RobotController.Losses.PolicyLoss.mean": {
            "value": 0.06724138046360571,
            "min": 0.06724138046360571,
            "max": 0.06931151463019583,
            "count": 3
        },
        "RobotController.Losses.PolicyLoss.sum": {
            "value": 1.6137931311265372,
            "min": 0.5544921170415666,
            "max": 1.6172870510054056,
            "count": 3
        },
        "RobotController.Losses.ValueLoss.mean": {
            "value": 25.79366753573736,
            "min": 25.79366753573736,
            "max": 545.4016520380974,
            "count": 3
        },
        "RobotController.Losses.ValueLoss.sum": {
            "value": 619.0480208576967,
            "min": 619.0480208576967,
            "max": 8688.938362926245,
            "count": 3
        },
        "RobotController.Policy.LearningRate.mean": {
            "value": 9.94625138041534e-05,
            "min": 9.94625138041534e-05,
            "max": 9.947074679175374e-05,
            "count": 3
        },
        "RobotController.Policy.LearningRate.sum": {
            "value": 0.0023871003312996818,
            "min": 0.0007957659743340299,
            "max": 0.0023872188382811745,
            "count": 3
        },
        "RobotController.Policy.Epsilon.mean": {
            "value": 0.09999999999999999,
            "min": 0.09999999999999999,
            "max": 0.09999999999999999,
            "count": 3
        },
        "RobotController.Policy.Epsilon.sum": {
            "value": 2.4,
            "min": 0.7999999999999999,
            "max": 2.4,
            "count": 3
        },
        "RobotController.Policy.Beta.mean": {
            "value": 0.004973179412006667,
            "min": 0.004973179412006667,
            "max": 0.00497359023849875,
            "count": 3
        },
        "RobotController.Policy.Beta.sum": {
            "value": 0.11935630588816001,
            "min": 0.03978872190799,
            "max": 0.11936221939245,
            "count": 3
        },
        "RobotController.IsTraining.mean": {
            "value": 1.0,
            "min": 1.0,
            "max": 1.0,
            "count": 3
        },
        "RobotController.IsTraining.sum": {
            "value": 1.0,
            "min": 1.0,
            "max": 1.0,
            "count": 3
        }
    },
    "metadata": {
        "timer_format_version": "0.1.0",
        "start_time_seconds": "1626455838",
        "python_version": "3.7.0 (v3.7.0:1bf9cc5093, Jun 27 2018, 04:59:51) [MSC v.1914 64 bit (AMD64)]",
        "command_line_arguments": "E:\\VirtualEnv\\UnityMLAgentEnv\\Scripts\\mlagents-learn drink_ppo.yaml --run-id=drinkppo --resume",
        "mlagents_version": "0.27.0",
        "mlagents_envs_version": "0.27.0",
        "communication_protocol_version": "1.5.0",
        "pytorch_version": "1.7.1+cu110",
        "numpy_version": "1.18.5",
        "end_time_seconds": "1626456009"
    },
    "total": 171.36961449999998,
    "count": 1,
    "self": 0.008222699999976157,
    "children": {
        "run_training.setup": {
            "total": 0.0937363,
            "count": 1,
            "self": 0.0937363
        },
        "TrainerController.start_learning": {
            "total": 171.26765550000002,
            "count": 1,
            "self": 0.2651101999983325,
            "children": {
                "TrainerController._reset_env": {
                    "total": 5.0874527,
                    "count": 1,
                    "self": 5.0874527
                },
                "TrainerController.advance": {
                    "total": 165.67006660000166,
                    "count": 9241,
                    "self": 0.2285634000004393,
                    "children": {
                        "env_step": {
                            "total": 78.71836780000038,
                            "count": 9241,
                            "self": 65.4914876,
                            "children": {
                                "SubprocessEnvManager._take_step": {
                                    "total": 13.092940000000741,
                                    "count": 9241,
                                    "self": 0.4505017000013254,
                                    "children": {
                                        "TorchPolicy.evaluate": {
                                            "total": 12.642438299999416,
                                            "count": 5009,
                                            "self": 1.4483121999993003,
                                            "children": {
                                                "TorchPolicy.sample_actions": {
                                                    "total": 11.194126100000116,
                                                    "count": 5009,
                                                    "self": 11.194126100000116
                                                }
                                            }
                                        }
                                    }
                                },
                                "workers": {
                                    "total": 0.133940199999647,
                                    "count": 9240,
                                    "self": 0.0,
                                    "children": {
                                        "worker_root": {
                                            "total": 167.44195559999983,
                                            "count": 9240,