{
    "name": "root",
    "gauges": {
        "RobotController.Policy.Entropy.mean": {
            "value": 0.23399214446544647,
            "min": 0.23399214446544647,
            "max": 0.24112607538700104,
            "count": 3
        },
        "RobotController.Policy.Entropy.sum": {
            "value": 11711.306640625,
            "min": 5720.1953125,
            "max": 12092.47265625,
            "count": 3
        },
        "RobotController.Environment.EpisodeLength.mean": {
            "value": 20.565329883570506,
            "min": 20.561017680034496,
            "max": 20.572727272727274,
            "count": 3
        },
        "RobotController.Environment.EpisodeLength.sum": {
            "value": 47691.0,
            "min": 22630.0,
            "max": 47691.0,
            "count": 3
        },
        "RobotController.Step.mean": {
            "value": 12399993.0,
            "min": 12299982.0,
            "max": 12399993.0,
            "count": 3
        },
        "RobotController.Step.sum": {
            "value": 12399993.0,
            "min": 12299982.0,
            "max": 12399993.0,
            "count": 3
        },
        "RobotController.Policy.ExtrinsicValueEstimate.mean": {
            "value": 20.539783477783203,
            "min": 20.530485153198242,
            "max": 20.605260848999023,
            "count": 3
        },
        "RobotController.Policy.ExtrinsicValueEstimate.sum": {
            "value": 47631.7578125,
            "min": 22563.00390625,
            "max": 47783.6015625,
            "count": 3
        },
        "RobotController.Environment.CumulativeReward.mean": {
            "value": 30.295674055082216,
            "min": 30.262476453654216,
            "max": 30.295674055082216,
            "count": 3
        },
        "RobotController.Environment.CumulativeReward.sum": {
            "value": 70255.66813373566,
            "min": 33258.461622565985,
            "max": 70255.66813373566,
            "count": 3
        },
        "RobotController.Policy.ExtrinsicReward.mean": {
            "value": 30.295674055082216,
            "min": 30.262476453654216,
            "max": 30.295674055082216,
            "count": 3
        },
        "RobotController.Policy.ExtrinsicReward.sum": {
            "value": 70255.66813373566,
            "min": 33258.461622565985,
            "max": 70255.66813373566,
            "count": 3
        },
        "RobotController.Losses.PolicyLoss.mean": {
            "value": 0.02162242483751066,
            "min": 0.02135737561705279,
            "max": 0.02436947143390474,
            "count": 3
        },
        "RobotController.Losses.PolicyLoss.sum": {
            "value": 0.06486727451253198,
            "min": 0.02436947143390474,
            "max": 0.06486727451253198,
            "count": 3
        },
        "RobotController.Losses.ValueLoss.mean": {
            "value": 0.21869851868703136,
            "min": 0.21869851868703136,
            "max": 0.6966333789750934,
            "count": 3
        },
        "RobotController.Losses.ValueLoss.sum": {
            "value": 0.656095556061094,
            "min": 0.656095556061094,
            "max": 0.6966333789750934,
            "count": 3
        },
        "RobotController.Policy.LearningRate.mean": {
            "value": 0.0009876212342378769,
            "min": 0.0009876212342378769,
            "max": 0.0009877032332296766,
            "count": 3
        },
        "RobotController.Policy.LearningRate.sum": {
            "value": 0.002962863702713631,
            "min": 0.0009877032332296766,
            "max": 0.002962863702713631,
            "count": 3
        },
        "RobotController.Policy.Epsilon.mean": {
            "value": 0.09999999999999999,
            "min": 0.09999999999999999,
            "max": 0.09999999999999999,
            "count": 3
        },
        "RobotController.Policy.Epsilon.sum": {
            "value": 0.3,
            "min": 0.09999999999999999,
            "max": 0.3,
            "count": 3
        },
        "RobotController.Policy.Beta.mean": {
            "value": 0.004938229952670001,
            "min": 0.004938229952670001,
            "max": 0.00493863912768,
            "count": 3
        },
        "RobotController.Policy.Beta.sum": {
            "value": 0.014814689858010002,
            "min": 0.00493863912768,
            "max": 0.014814689858010002,
            "count": 3
        },
        "RobotController.IsTraining.mean": {
            "value": 1.0,
            "min": 1.0,
            "max": 1.0,
            "count": 3
        },
        "RobotController.IsTraining.sum": {
            "value": 1.0,
            "min": 1.0,
            "max": 1.0,
            "count": 3
        }
    },
    "metadata": {
        "timer_format_version": "0.1.0",
        "start_time_seconds": "1626767900",
        "python_version": "3.7.0 (v3.7.0:1bf9cc5093, Jun 27 2018, 04:59:51) [MSC v.1914 64 bit (AMD64)]",
        "command_line_arguments": "E:\\VirtualEnv\\UnityMLAgentEnv\\Scripts\\mlagents-learn drink_ppo.yaml --run-id=testppo --resume",
        "mlagents_version": "0.27.0",
        "mlagents_envs_version": "0.27.0",
        "communication_protocol_version": "1.5.0",
        "pytorch_version": "1.7.1+cu110",
        "numpy_version": "1.18.5",
        "end_time_seconds": "1626768092"
    },
    "total": 192.3551131,
    "count": 1,
    "self": 0.010502699999989318,
    "children": {
        "run_training.setup": {
            "total": 0.10895309999999991,
            "count": 1,
            "self": 0.10895309999999991
        },
        "TrainerController.start_learning": {
            "total": 192.2356573,
            "count": 1,
            "self": 0.24150960000000055,
            "children": {
                "TrainerController._reset_env": {
                    "total": 9.2858408,
                    "count": 1,
                    "self": 9.2858408
                },
                "TrainerController.advance": {
                    "total": 182.5484431,
                    "count": 8218,
                    "self": 0.2481679999995663,
                    "children": {
                        "env_step": {
                            "total": 126.69207330000022,
                            "count": 8218,
                            "self": 119.78760510000022,
                            "children": {
                                "SubprocessEnvManager._take_step": {
                                    "total": 6.765132499999609,
                                    "count": 8218,
                                    "self": 0.5559375999985932,
                                    "children": {
                                        "TorchPolicy.evaluate": {
                                            "total": 6.209194900001016,
                                            "count": 5507,
                                            "self": 1.0543265000007747,
                                            "children": {
                                                "TorchPolicy.sample_actions": {
                                                    "total": 5.154868400000241,
                                                    "count": 5507,
                                                    "self": 5.154868400000241
                                                }
                                            }
                                        }
                                    }
                                },
                                "workers": {
                                    "total": 0.1393357000003821,
                                    "count": 8217,
                                    "self": 0.0,
                                    "children": {
                                        "worker_root": {
                                            "total": 184.9554321999996,
                                            "count": 8217,