{"count":1,"self":556.1542144,"total":3862.5041045999997,"children":{"InitializeActuators":{"count":25,"self":0.0029925,"total":0.0029925,"children":null},"InitializeSensors":{"count":25,"self":0.0039886999999999995,"total":0.0039886999999999995,"children":null},"AgentSendState":{"count":321917,"self":29.3367552,"total":137.3341461,"children":{"CollectObservations":{"count":1609600,"self":17.9005248,"total":17.9005254,"children":null},"WriteActionMask":{"count":1609600,"self":6.71324,"total":6.7132399,"children":null},"RequestDecision":{"count":1609600,"self":20.9265488,"total":83.3836256,"children":{"AgentInfo.ToProto":{"count":1609600,"self":19.700825599999998,"total":62.4570766,"children":{"GenerateSensorData":{"count":1609600,"self":42.7562528,"total":42.7562515,"children":null}}}}}}},"DecideAction":{"count":321917,"self":3076.4427264,"total":3076.4426452999996,"children":null},"AgentAct":{"count":321917,"self":87.1286784,"total":87.1286805,"children":null},"AgentInfo.ToProto":{"count":82938,"self":1.5706959,"total":5.4354435,"children":{"GenerateSensorData":{"count":82938,"self":3.8647476,"total":3.8647476,"children":null}}}},"gauges":{"RobotController.CumulativeReward":{"count":82938,"max":6.63691664,"min":-2.912956,"runningAverage":0.267784745,"value":-0.183568478,"weightedAverage":0.150008708}},"metadata":{"timer_format_version":"0.1.0","start_time_seconds":"1627031450","unity_version":"2019.4.27f1","command_line_arguments":"C:\\Program Files\\Unity\\Hub\\Editor\\2019.4.27f1\\Editor\\Unity.exe -projectpath E:\/Projects\/Robot-ML -useHub -hubIPC -cloudEnvironment production -hubSessionId 252a8170-eacd-11eb-a9d4-25480808d614","communication_protocol_version":"1.5.0","com.unity.ml-agents_version":"2.1.0-exp.1","scene_name":"MLScene","end_time_seconds":"1627035312"}}