{"count":1,"self":133.92111359999998,"total":1993.5501203,"children":{"InitializeActuators":{"count":25,"self":0.0029901999999999997,"total":0.0029901999999999997,"children":null},"InitializeSensors":{"count":25,"self":0.0029919,"total":0.0029919,"children":null},"AgentSendState":{"count":80167,"self":36.4050144,"total":191.87725,"children":{"CollectObservations":{"count":2004175,"self":33.0799424,"total":33.0799433,"children":null},"WriteActionMask":{"count":2004175,"self":8.963336,"total":8.9633358999999988,"children":null},"RequestDecision":{"count":2004175,"self":28.0118336,"total":113.42895519999999,"children":{"AgentInfo.ToProto":{"count":2004175,"self":26.253359999999997,"total":85.4171222,"children":{"GenerateSensorData":{"count":2004175,"self":59.1637632,"total":59.1637621,"children":null}}}}}}},"DecideAction":{"count":80167,"self":1590.7867648,"total":1590.786756,"children":null},"AgentAct":{"count":80167,"self":73.292192,"total":76.9570237,"children":{"AgentInfo.ToProto":{"count":59391,"self":1.078805,"total":3.6648319,"children":{"GenerateSensorData":{"count":59391,"self":2.5860268,"total":2.5860269,"children":null}}}}}},"gauges":{"RobotController.CumulativeReward":{"count":59391,"max":29.026268,"min":-3.481012,"runningAverage":18.2706871,"value":28.631567,"weightedAverage":23.25623}},"metadata":{"timer_format_version":"0.1.0","start_time_seconds":"1627523767","unity_version":"2019.4.27f1","command_line_arguments":"C:\\Program Files\\Unity\\Hub\\Editor\\2019.4.27f1\\Editor\\Unity.exe -projectpath E:\/Projects\/Robot-ML -useHub -hubIPC -cloudEnvironment production -hubSessionId 65d7abe0-ef4f-11eb-96e9-2b227b1238e5","communication_protocol_version":"1.5.0","com.unity.ml-agents_version":"2.1.0-exp.1","scene_name":"MLScene","end_time_seconds":"1627525760"}}