{"count":1,"self":61.9415232,"total":185.968831,"children":{"InitializeActuators":{"count":25,"self":0.0029920999999999997,"total":0.0029920999999999997,"children":null},"InitializeSensors":{"count":25,"self":0.0029912999999999997,"total":0.0029912999999999997,"children":null},"AgentSendState":{"count":27551,"self":2.5945915999999998,"total":12.1356751,"children":{"CollectObservations":{"count":137775,"self":1.6231962,"total":1.6231962,"children":null},"WriteActionMask":{"count":137775,"self":0.5702347,"total":0.5702347,"children":null},"RequestDecision":{"count":137775,"self":1.852682,"total":7.3476526999999994,"children":{"AgentInfo.ToProto":{"count":137775,"self":1.7080642,"total":5.4949705999999994,"children":{"GenerateSensorData":{"count":137775,"self":3.7869064,"total":3.7869064,"children":null}}}}}}},"DecideAction":{"count":27551,"self":106.3848896,"total":106.384889,"children":null},"AgentAct":{"count":27551,"self":5.057396,"total":5.0573961,"children":null},"AgentInfo.ToProto":{"count":6376,"self":0.15210189999999998,"total":0.4413697,"children":{"GenerateSensorData":{"count":6376,"self":0.28926779999999996,"total":0.28926779999999996,"children":null}}}},"gauges":{"RobotController.CumulativeReward":{"count":6376,"max":30.36955,"min":-14.9267635,"runningAverage":15.8724966,"value":15.9255085,"weightedAverage":15.8631954}},"metadata":{"timer_format_version":"0.1.0","start_time_seconds":"1626767906","unity_version":"2019.4.27f1","command_line_arguments":"C:\\Program Files\\Unity\\Hub\\Editor\\2019.4.27f1\\Editor\\Unity.exe -projectpath E:\/Projects\/Robot-ML -useHub -hubIPC -cloudEnvironment production -hubSessionId 1fd24040-e54c-11eb-817e-47f8209b5ac3","communication_protocol_version":"1.5.0","com.unity.ml-agents_version":"2.1.0-exp.1","scene_name":"MLScene","end_time_seconds":"1626768092"}}