{"count":1,"self":29.480396799999998,"total":313.4505856,"children":{"InitializeActuators":{"count":25,"self":0.0029919,"total":0.0029919,"children":null},"InitializeSensors":{"count":25,"self":0.0029916,"total":0.0029916,"children":null},"AgentSendState":{"count":15817,"self":2.809904,"total":14.163046699999999,"children":{"CollectObservations":{"count":197725,"self":2.0293897999999997,"total":2.0293897999999997,"children":null},"WriteActionMask":{"count":197725,"self":0.7213126,"total":0.7213126,"children":null},"RequestDecision":{"count":197725,"self":2.2281177999999997,"total":8.6024403,"children":{"AgentInfo.ToProto":{"count":197725,"self":1.9874729999999998,"total":6.3743225,"children":{"GenerateSensorData":{"count":197725,"self":4.3868496,"total":4.3868494999999994,"children":null}}}}}}},"DecideAction":{"count":15817,"self":266.6748928,"total":266.6748892,"children":null},"AgentAct":{"count":15817,"self":2.7585832,"total":2.7585831,"children":null},"AgentInfo.ToProto":{"count":7900,"self":0.11074619999999999,"total":0.36569029999999997,"children":{"GenerateSensorData":{"count":7900,"self":0.2549441,"total":0.2549441,"children":null}}}},"gauges":{"RobotController.CumulativeReward":{"count":7900,"max":1.005734,"min":-1.999676,"runningAverage":0.7480546,"value":1.00026953,"weightedAverage":0.9049798}},"metadata":{"timer_format_version":"0.1.0","start_time_seconds":"1626426988","unity_version":"2019.4.27f1","command_line_arguments":"C:\\Program Files\\Unity\\Hub\\Editor\\2019.4.27f1\\Editor\\Unity.exe -projectpath E:\/Projects\/Robot-ML -useHub -hubIPC -cloudEnvironment production -hubSessionId 1fd24040-e54c-11eb-817e-47f8209b5ac3","communication_protocol_version":"1.5.0","com.unity.ml-agents_version":"2.1.0-exp.1","scene_name":"MLScene","end_time_seconds":"1626427302"}}